{"sign":[{"name":"test","code":20},{"name":"aaaa","code":22},{"name":"aaaa","code":22},{"name":"aaaa","code":22},{"name":"aaaa","code":22},{"name":"aaaa","code":22},{"name":"aaaa","code":22},{"name":"aaaa","code":22},{"name":"aaaa","code":22},{"name":"aaaa","code":22},{"name":"aaaa","code":22},{"name":"aaaa","code":22},{"name":"aaaa","code":22},{"name":"aaaa","code":22},{"name":"aaaa","code":22},{"name":"aaaa","code":22},{"name":"aaaa","code":22},{"name":"aaaa","code":22},{"name":"aaaa","code":22},{"name":"aaaa","code":22},{"name":"aaaa","code":22},{"name":"aaaa","code":22},{"name":"aaaa","code":22},{"name":"aaaa","code":22},{"name":"aaaa","code":22},{"name":"aaaa","code":22},{"name":"aaaa","code":22},{"name":"aaaa","code":22}]}